# Name,     Type, SubType,  Offset,    Size,      Flags
# NVS is 48KB: stores PHY calibration, Wi-Fi, weather, timetable, todo, clock,
# countdown, power, basic-auth, panel and other runtime settings.
# App slots are 4MB to leave room for audio decoders while keeping OTA safety.
# User SPIFFS is intentionally small; music and larger media live on SD card.
nvs,        data, nvs,      0x9000,    0xC000,
otadata,    data, ota,      0x15000,   0x2000,
phy_init,   data, phy,      0x17000,   0x1000,
factory,    app,  factory,  0x20000,   0x400000,
ota_0,      app,  ota_0,    0x420000,  0x400000,
ota_1,      app,  ota_1,    0x820000,  0x400000,
coredump,   data, coredump, 0xC20000,  0x20000,
fontfs,     data, spiffs,   0xC40000,  0x2E0000,
spiffs,     data, spiffs,   0xF20000,  0xE0000,
